Return,StdDev,AMD,AVGO,MU,NVDA,TSM,VOO
0.1478,0.1398,0.0,0.0,0.0,0.0,0.0,1.0
0.1518,0.14,0.0,0.0152,0.0,0.0,0.0,0.9848
0.1558,0.1404,0.0,0.0305,0.0,0.0,0.0,0.9695
0.1598,0.1409,0.0,0.0452,0.0,0.0,0.0009,0.9539
0.1638,0.1415,0.0,0.0565,0.0,0.0,0.008,0.9355
0.1678,0.1422,0.0,0.0678,0.0,0.0,0.0151,0.9171
0.1718,0.143,0.0,0.0791,0.0,0.0,0.0222,0.8987
0.1758,0.1439,0.0,0.0904,0.0,0.0,0.0293,0.8803
0.1798,0.1449,0.0,0.1017,0.0,0.0,0.0364,0.8619
0.1838,0.146,0.0,0.1129,0.0,0.0,0.0435,0.8435
0.1879,0.1473,0.0,0.1242,0.0,0.0,0.0506,0.8251
0.1919,0.1485,0.0,0.1322,0.0,0.0034,0.0545,0.8099
0.1959,0.1499,0.0,0.1385,0.0,0.0085,0.0567,0.7963
0.1999,0.1513,0.0,0.1448,0.0,0.0136,0.059,0.7826
0.2039,0.1527,0.0,0.1512,0.0,0.0186,0.0612,0.769
0.2079,0.1542,0.0,0.1575,0.0,0.0237,0.0635,0.7553
0.2119,0.1557,0.0,0.1639,0.0,0.0288,0.0657,0.7416
0.2159,0.1573,0.0,0.1702,0.0,0.0338,0.068,0.728
0.2199,0.1589,0.0,0.1765,0.0,0.0389,0.0702,0.7143
0.2239,0.1606,0.0,0.1829,0.0,0.044,0.0725,0.7006
0.2279,0.1623,0.0,0.1892,0.0,0.049,0.0748,0.687
0.2319,0.1641,0.0,0.1956,0.0,0.0541,0.077,0.6733
0.2359,0.1658,0.0,0.2019,0.0,0.0592,0.0793,0.6597
0.2399,0.1677,0.0,0.2082,0.0,0.0642,0.0815,0.646
0.2439,0.1695,0.0,0.2146,0.0,0.0693,0.0838,0.6323
0.2479,0.1714,0.0,0.2209,0.0,0.0744,0.086,0.6187
0.2519,0.1734,0.0,0.2272,0.0,0.0794,0.0883,0.605
0.2559,0.1753,0.0,0.2336,0.0,0.0845,0.0905,0.5913
0.26,0.1773,0.0,0.2399,0.0,0.0896,0.0928,0.5777
0.264,0.1794,0.0,0.2463,0.0,0.0947,0.0951,0.564
0.268,0.1814,0.0,0.2526,0.0,0.0997,0.0973,0.5504
0.272,0.1835,0.0,0.2589,0.0,0.1048,0.0996,0.5367
0.276,0.1856,0.0,0.2653,0.0,0.1099,0.1018,0.523
0.28,0.1878,0.0,0.2716,0.0,0.1149,0.1041,0.5094
0.284,0.1899,0.0,0.278,0.0,0.12,0.1063,0.4957
0.288,0.1921,0.0,0.2843,0.0,0.1251,0.1086,0.482
0.292,0.1943,0.0,0.2906,0.0,0.1301,0.1109,0.4684
0.296,0.1966,0.0,0.297,0.0,0.1352,0.1131,0.4547
0.3,0.1988,0.0,0.3033,0.0,0.1403,0.1154,0.4411
0.304,0.2011,0.0,0.3096,0.0,0.1453,0.1176,0.4274
0.308,0.2034,0.0,0.316,0.0,0.1504,0.1199,0.4137
0.312,0.2058,0.0,0.3223,0.0,0.1555,0.1221,0.4001
0.316,0.2081,0.0,0.3287,0.0,0.1605,0.1244,0.3864
0.32,0.2105,0.0,0.335,0.0,0.1656,0.1266,0.3727
0.324,0.2129,0.0,0.3413,0.0,0.1707,0.1289,0.3591
0.3281,0.2153,0.0,0.3477,0.0,0.1757,0.1312,0.3454
0.3321,0.2177,0.0,0.354,0.0,0.1808,0.1334,0.3318
0.3361,0.2201,0.0,0.3604,0.0,0.1859,0.1357,0.3181
0.3401,0.2226,0.0,0.3667,0.0,0.1909,0.1379,0.3044
0.3441,0.225,0.0,0.373,0.0,0.196,0.1402,0.2908
0.3481,0.2275,0.0,0.3794,0.0,0.2011,0.1424,0.2771
0.3521,0.23,0.0,0.3857,0.0,0.2061,0.1447,0.2634
0.3561,0.2325,0.0,0.392,0.0,0.2112,0.147,0.2498
0.3601,0.2351,0.0,0.3984,0.0,0.2163,0.1492,0.2361
0.3641,0.2376,0.0,0.4047,0.0,0.2214,0.1515,0.2225
0.3681,0.2401,0.0,0.411,0.0001,0.2264,0.1537,0.2088
0.3721,0.2427,0.0,0.4172,0.001,0.2312,0.1558,0.1948
0.3761,0.2453,0.0,0.4234,0.0019,0.236,0.1579,0.1809
0.3801,0.2479,0.0,0.4296,0.0027,0.2408,0.1599,0.1669
0.3841,0.2505,0.0,0.4358,0.0036,0.2455,0.162,0.153
0.3881,0.2531,0.0,0.442,0.0045,0.2503,0.1641,0.139
0.3921,0.2557,0.0,0.4482,0.0054,0.2551,0.1662,0.1251
0.3961,0.2583,0.0,0.4544,0.0062,0.2599,0.1683,0.1111
0.4002,0.261,0.0,0.4606,0.0071,0.2647,0.1704,0.0972
0.4042,0.2636,0.0,0.4668,0.008,0.2695,0.1725,0.0832
0.4082,0.2663,0.0,0.473,0.0088,0.2743,0.1745,0.0693
0.4122,0.2689,0.0,0.4792,0.0097,0.2791,0.1766,0.0554
0.4162,0.2716,0.0,0.4854,0.0106,0.2839,0.1787,0.0414
0.4202,0.2743,0.0,0.4916,0.0114,0.2887,0.1808,0.0275
0.4242,0.277,0.0,0.4978,0.0123,0.2935,0.1829,0.0135
0.4282,0.2797,0.0,0.504,0.013,0.2985,0.1844,0.0
0.4322,0.2824,0.0,0.5101,0.0097,0.3124,0.1678,0.0
0.4362,0.2853,0.0,0.5163,0.0063,0.3262,0.1512,0.0
0.4402,0.2882,0.0,0.5224,0.0029,0.34,0.1347,0.0
0.4442,0.2912,0.0,0.5284,0.0,0.3538,0.1178,0.0
0.4482,0.2943,0.0,0.534,0.0,0.3672,0.0988,0.0
0.4522,0.2975,0.0,0.5395,0.0,0.3806,0.0799,0.0
0.4562,0.3008,0.0,0.545,0.0,0.3941,0.0609,0.0
0.4602,0.3042,0.0,0.5505,0.0,0.4075,0.042,0.0
0.4642,0.3076,0.0,0.556,0.0,0.4209,0.023,0.0
0.4683,0.3111,0.0,0.5616,0.0,0.4343,0.0041,0.0
0.4723,0.3148,0.0,0.5393,0.0,0.4607,0.0,0.0
0.4763,0.319,0.0,0.5093,0.0,0.4907,0.0,0.0
0.4803,0.3237,0.0,0.4794,0.0,0.5206,0.0,0.0
0.4843,0.3288,0.0,0.4494,0.0,0.5506,0.0,0.0
0.4883,0.3344,0.0,0.4194,0.0,0.5806,0.0,0.0
0.4923,0.3404,0.0,0.3895,0.0,0.6105,0.0,0.0
0.4963,0.3467,0.0,0.3595,0.0,0.6405,0.0,0.0
0.5003,0.3534,0.0,0.3296,0.0,0.6704,0.0,0.0
0.5043,0.3605,0.0,0.2996,0.0,0.7004,0.0,0.0
0.5083,0.3679,0.0,0.2696,0.0,0.7304,0.0,0.0
0.5123,0.3756,0.0,0.2397,0.0,0.7603,0.0,0.0
0.5163,0.3836,0.0,0.2097,0.0,0.7903,0.0,0.0
0.5203,0.3919,0.0,0.1798,0.0,0.8202,0.0,0.0
0.5243,0.4004,0.0,0.1498,0.0,0.8502,0.0,0.0
0.5283,0.4092,0.0,0.1198,0.0,0.8802,0.0,0.0
0.5323,0.4182,0.0,0.0899,0.0,0.9101,0.0,0.0
0.5363,0.4274,0.0,0.0599,0.0,0.9401,0.0,0.0
0.5404,0.4368,0.0,0.03,0.0,0.97,0.0,0.0
0.5444,0.4464,0.0,0.0,0.0,1.0,0.0,0.0
